Time,Period,TWS,TWA,BSP,TWD,Targ Twa,Targ Bsp,PolBsp,Heel,SOG,HDG,COG,Leeway,Rudder,RudderP,RudderS,Tab,Rake,KeelAng,Trim,Forestay,AWA,AWS,PolBsp%,VMG%,dBspSog,dHdgCog,User 0,User 1,User 2,User 3,User 4,User 5,User 6,User 7
27-Sep-2025 10:22:48,0:26,6.2,-126,0.00,257,138,6.70,7.60,-0.7,0.02,025,169,0.0,-11.0,,,8.0,3.20,,2.4,0.14,-126,6.2,0.0,0.0,-0.02,-144.4,,,,,,,,
27-Sep-2025 10:24:36,0:26,4.9,-133,0.00,276,133,5.55,5.36,-0.0,0.02,068,200,0.0,-11.0,,,8.0,3.20,,2.6,0.59,-135,4.6,0.0,0.0,-0.02,-132.3,,,,,,,,
27-Sep-2025 10:30:46,0:21,4.7,-135,0.00,066,133,5.45,5.07,0.8,0.02,197,201,0.0,-11.0,,,8.0,3.20,,2.6,2.05,-133,4.4,0.0,0.0,-0.02,-4.5,,,,,,,,
27-Sep-2025 10:31:28,0:27,5.4,-149,0.00,048,135,6.01,4.60,0.8,0.03,197,182,0.0,-11.0,,,8.0,3.20,,2.7,0.37,-149,5.3,0.0,0.0,-0.03,14.6,,,,,,,,
27-Sep-2025 10:32:37,0:28,7.1,-143,0.00,055,140,7.29,6.85,-0.6,0.02,197,204,0.0,-11.0,,,8.0,3.20,,2.5,0.33,-142,7.1,0.0,0.0,-0.02,-7.2,,,,,,,,
27-Sep-2025 10:33:06,0:25,5.5,-132,0.00,062,135,6.09,6.34,-0.5,0.02,197,176,0.0,-11.0,,,8.0,3.20,,2.6,0.61,-133,5.7,0.0,0.0,-0.02,21.3,,,,,,,,
27-Sep-2025 10:34:13,0:29,6.1,-151,0.00,047,137,6.58,5.12,-0.5,0.02,197,192,0.0,-11.1,,,8.0,3.20,,2.6,0.88,-150,6.1,0.0,0.0,-0.02,4.6,,,,,,,,
27-Sep-2025 10:34:43,0:21,5.5,-147,0.00,048,135,6.09,4.83,-0.6,0.01,197,173,0.0,-11.1,,,8.0,3.20,,2.6,0.90,-148,5.4,0.0,0.0,-0.01,23.7,,,,,,,,
27-Sep-2025 10:35:05,0:20,6.0,-140,0.00,054,137,6.52,6.13,-0.8,0.02,197,191,0.0,-11.0,,,8.0,3.20,,2.6,0.84,-142,6.2,0.0,0.0,-0.02,6.1,,,,,,,,
27-Sep-2025 10:38:03,0:28,6.2,-141,0.00,052,138,6.63,6.13,0.0,0.02,197,159,0.0,-11.1,,,8.0,3.20,,2.7,0.80,-143,6.1,0.0,0.0,-0.02,37.2,,,,,,,,
27-Sep-2025 10:38:32,0:27,6.9,-141,0.00,056,139,7.19,6.91,-0.2,0.02,196,228,0.0,-11.1,,,8.0,3.20,,2.7,0.80,-141,7.0,0.0,0.0,-0.02,-31.2,,,,,,,,
27-Sep-2025 10:39:21,0:29,5.9,-143,0.00,052,137,6.45,5.74,-0.3,0.01,196,201,0.0,-11.1,,,8.0,3.20,,2.7,0.80,-143,6.0,0.0,0.0,-0.01,-5.1,,,,,,,,
27-Sep-2025 10:39:51,0:29,5.2,-143,0.00,053,134,5.81,4.84,-0.2,0.02,197,191,0.0,-11.1,,,8.0,3.20,,2.7,0.81,-143,5.2,0.0,0.0,-0.02,5.5,,,,,,,,
27-Sep-2025 10:40:21,0:29,4.3,-138,0.00,058,131,5.04,4.29,-0.4,0.02,197,179,0.0,-11.1,,,8.0,3.20,,2.7,0.81,-138,4.4,0.0,0.0,-0.02,17.8,,,,,,,,
27-Sep-2025 10:40:51,0:24,5.3,-138,0.00,058,135,5.91,5.43,-0.3,0.02,197,206,0.0,-11.1,,,8.0,3.20,,2.7,0.81,-138,5.1,0.0,0.0,-0.02,-9.7,,,,,,,,
27-Sep-2025 10:41:57,0:29,4.3,-155,0.00,044,131,5.07,3.11,0.0,0.02,196,168,0.0,-11.1,,,8.0,3.20,,2.8,0.81,-154,4.4,0.0,0.0,-0.02,28.3,,,,,,,,
27-Sep-2025 10:42:27,0:24,3.8,-150,0.00,045,130,4.60,3.08,0.1,0.02,196,230,0.0,-11.1,,,8.0,3.20,,2.7,0.82,-151,3.9,0.0,0.0,-0.02,-33.3,,,,,,,,
27-Sep-2025 10:43:15,0:21,3.0,-149,0.00,047,130,3.64,2.46,-0.5,0.02,197,198,0.0,-11.1,,,8.0,3.20,,2.7,0.83,-150,3.0,0.0,0.0,-0.02,-1.5,,,,,,,,
27-Sep-2025 10:43:37,0:29,3.4,-157,0.00,043,130,4.06,2.39,-0.8,0.02,197,151,0.0,-11.1,,,8.0,3.20,,2.7,0.83,-156,3.2,0.0,0.0,-0.02,45.8,,,,,,,,
27-Sep-2025 10:47:20,0:28,4.7,-120,0.00,077,133,5.46,6.15,0.5,0.02,197,183,0.0,-11.1,,,8.0,3.20,,2.8,0.83,-119,4.8,0.0,0.0,-0.02,13.6,,,,,,,,
27-Sep-2025 10:48:09,0:29,3.3,-140,0.00,059,130,3.90,3.18,0.7,0.02,197,173,0.0,-11.1,,,8.0,3.20,,2.8,0.83,-139,3.3,0.0,0.0,-0.02,23.6,,,,,,,,
27-Sep-2025 10:48:39,0:29,3.2,-137,0.00,060,130,3.88,3.33,0.5,0.02,197,144,0.0,-11.1,,,8.0,3.20,,2.7,0.83,-137,3.2,0.0,0.0,-0.02,53.3,,,,,,,,
27-Sep-2025 10:49:10,0:29,3.2,-138,0.00,059,130,3.86,3.26,0.9,0.02,197,179,0.0,-11.1,,,8.0,3.20,,2.7,0.83,-138,3.2,0.0,0.0,-0.02,18.2,,,,,,,,
27-Sep-2025 10:49:40,0:29,3.2,-138,0.00,059,130,3.86,3.28,1.8,0.02,197,171,0.0,-11.1,,,8.0,3.20,,2.9,0.84,-138,3.2,0.0,0.0,-0.02,26.2,,,,,,,,
27-Sep-2025 10:50:10,0:29,3.2,-138,0.00,059,130,3.90,3.32,2.0,0.02,197,217,0.0,-11.1,,,8.0,3.20,,3.0,0.84,-138,3.2,0.0,0.0,-0.02,-20.6,,,,,,,,
27-Sep-2025 10:50:40,0:29,3.2,-138,0.00,059,130,3.89,3.31,1.5,0.02,197,183,0.0,-11.1,,,8.0,3.20,,3.0,0.84,-138,3.2,0.0,0.0,-0.02,13.7,,,,,,,,
27-Sep-2025 10:51:11,0:29,3.2,-138,0.00,059,130,3.89,3.31,1.0,0.03,197,184,0.0,-11.1,,,8.0,3.20,,3.0,0.84,-138,3.2,0.0,0.0,-0.03,12.9,,,,,,,,
27-Sep-2025 10:51:41,0:29,3.2,-138,0.00,059,130,3.89,3.31,0.5,0.02,197,204,0.0,-11.1,,,8.0,3.20,,2.8,0.84,-138,3.2,0.0,0.0,-0.02,-7.4,,,,,,,,
27-Sep-2025 10:52:11,0:29,3.2,-138,0.00,059,130,3.88,3.30,0.5,0.03,197,167,0.0,-11.1,,,8.0,3.20,,2.8,0.84,-138,3.2,0.0,0.0,-0.03,29.7,,,,,,,,
27-Sep-2025 10:52:41,0:29,3.2,-138,0.00,059,130,3.89,3.32,0.2,0.02,197,207,0.0,-11.1,,,8.0,3.20,,2.8,0.84,-138,3.2,0.0,0.0,-0.02,-9.6,,,,,,,,
27-Sep-2025 10:53:12,0:29,3.2,-138,0.00,059,130,3.88,3.30,0.1,0.03,197,165,0.0,-11.1,,,8.0,3.20,,2.8,0.84,-138,3.2,0.0,0.0,-0.03,31.6,,,,,,,,
27-Sep-2025 10:53:42,0:29,3.3,-137,0.00,059,130,3.91,3.35,-0.6,0.02,197,143,0.0,-11.1,,,5.9,3.20,,2.8,0.84,-137,3.3,0.0,0.0,-0.02,54.1,,,,,,,,
27-Sep-2025 10:54:12,0:29,3.2,-138,0.00,059,130,3.88,3.30,-1.0,0.02,197,167,0.0,-11.1,,,0.0,3.20,,2.7,0.84,-138,3.2,0.0,0.0,-0.02,29.0,,,,,,,,
27-Sep-2025 10:54:42,0:29,3.2,-138,0.00,058,130,3.85,3.25,-0.0,0.02,196,187,0.0,-11.1,,,0.0,3.20,,2.8,0.84,-138,3.2,0.0,0.0,-0.02,9.5,,,,,,,,
27-Sep-2025 10:55:13,0:29,3.2,-138,0.00,059,130,3.89,3.31,0.7,0.03,196,227,0.0,-11.1,,,0.0,3.20,,2.9,0.84,-138,3.2,0.0,0.0,-0.03,-30.6,,,,,,,,
27-Sep-2025 10:55:43,0:29,3.2,-138,0.00,059,130,3.88,3.30,0.6,0.02,196,187,0.0,-11.1,,,0.0,3.20,,2.8,0.83,-138,3.2,0.0,0.0,-0.02,9.8,,,,,,,,
27-Sep-2025 10:56:13,0:29,3.2,-138,0.00,059,130,3.88,3.30,0.4,0.02,197,170,0.0,-11.1,,,0.0,3.20,,2.8,0.83,-138,3.2,0.0,0.0,-0.02,26.2,,,,,,,,
27-Sep-2025 10:56:43,0:29,3.2,-138,0.00,059,130,3.88,3.30,0.4,0.02,197,199,0.0,-11.1,,,0.0,3.20,,2.8,0.83,-138,3.2,0.0,0.0,-0.02,-2.3,,,,,,,,
27-Sep-2025 10:57:13,0:29,3.2,-138,0.00,059,130,3.88,3.29,0.5,0.04,197,225,0.0,-11.1,,,0.0,3.20,,2.7,0.83,-138,3.2,0.0,0.0,-0.04,-28.5,,,,,,,,
27-Sep-2025 10:57:44,0:29,3.2,-138,0.00,059,130,3.88,3.30,0.7,0.01,197,159,0.0,-11.1,,,0.0,3.20,,2.7,0.83,-138,3.2,0.0,0.0,-0.01,38.0,,,,,,,,
27-Sep-2025 11:04:17,0:28,4.5,-120,0.00,078,132,5.28,5.93,0.4,0.02,197,119,0.0,-11.1,,,0.0,3.20,,2.8,0.81,-119,4.6,0.0,0.0,-0.02,78.4,,,,,,,,
27-Sep-2025 11:05:51,0:21,3.4,-141,0.00,059,130,4.10,3.23,0.2,0.03,197,222,0.0,-11.1,,,0.0,3.20,,2.7,0.81,-139,3.3,0.0,0.0,-0.03,-25.0,,,,,,,,
27-Sep-2025 11:10:56,0:28,3.7,-106,0.00,091,130,4.40,5.59,2.3,0.03,196,176,0.0,-11.1,,,0.0,3.20,,3.0,0.82,-106,3.7,0.0,0.0,-0.03,20.2,,,,,,,,
27-Sep-2025 11:14:47,0:21,3.2,-128,0.00,072,130,3.88,3.97,1.2,0.02,196,263,0.0,-11.1,,,0.0,3.20,,2.8,0.82,-128,3.1,0.0,0.0,-0.02,-66.6,,,,,,,,
27-Sep-2025 11:17:10,0:29,5.2,-60,0.00,131,49,5.80,6.89,-0.0,0.02,197,133,0.0,-11.1,,,0.0,3.20,,2.7,0.82,-61,5.1,0.0,0.0,-0.02,64.2,,,,,,,,
27-Sep-2025 11:20:43,0:22,5.8,-94,0.00,101,136,6.31,8.31,-0.0,0.02,197,150,0.0,-11.1,,,0.0,3.20,,2.6,0.81,-95,6.0,0.0,0.0,-0.02,47.3,,,,,,,,
27-Sep-2025 11:24:50,0:26,4.9,-121,0.00,077,133,5.60,6.32,-0.5,0.03,197,213,0.0,-11.1,,,0.0,3.20,,2.5,0.81,-121,5.0,0.0,0.0,-0.03,-16.1,,,,,,,,
27-Sep-2025 11:26:17,0:20,3.6,-110,0.00,089,130,4.29,5.34,-0.3,0.02,197,168,0.0,-11.1,,,0.0,3.20,,2.5,0.82,-110,3.8,0.0,0.0,-0.02,28.2,,,,,,,,
27-Sep-2025 11:26:38,0:29,2.9,-104,0.00,092,130,3.47,4.43,-0.1,0.02,197,160,0.0,-11.1,,,0.0,3.20,,2.5,0.81,-104,2.9,0.0,0.0,-0.02,36.6,,,,,,,,
27-Sep-2025 11:32:10,0:26,4.1,-125,0.00,068,130,4.85,5.12,0.4,0.02,196,191,0.0,-11.1,,,0.0,3.20,,2.6,0.82,-126,4.1,0.0,0.0,-0.02,4.2,,,,,,,,
27-Sep-2025 11:38:41,0:28,5.2,-87,0.00,112,49,5.78,7.36,0.8,0.03,200,155,0.0,-11.1,,,0.0,3.20,,2.6,0.82,-87,5.3,0.0,0.0,-0.03,45.2,,,,,,,,
27-Sep-2025 11:39:11,0:28,5.3,-80,0.00,115,49,5.86,7.29,0.7,0.06,196,167,0.0,-11.1,,,0.0,3.20,,2.6,0.82,-81,5.3,0.0,0.0,-0.06,29.6,,,,,,,,
27-Sep-2025 11:39:40,0:25,4.8,-81,0.00,116,50,5.39,6.58,1.0,0.03,197,191,0.0,-11.1,,,0.0,3.20,,2.7,0.82,-81,4.8,0.0,0.0,-0.03,5.2,,,,,,,,
27-Sep-2025 11:40:07,0:20,4.8,-98,0.00,104,133,5.54,7.06,0.5,0.04,197,151,0.0,-11.1,,,0.0,3.20,,2.7,0.82,-95,4.8,0.0,0.0,-0.04,45.9,,,,,,,,
27-Sep-2025 11:41:07,0:20,3.9,-117,0.00,080,130,4.63,5.37,0.8,0.06,200,209,0.0,-11.1,,,0.0,3.20,,2.6,0.82,-119,3.8,0.0,0.0,-0.06,-8.4,,,,,,,,
27-Sep-2025 11:50:11,0:22,5.9,-98,0.00,093,137,6.44,8.54,-0.1,0.03,195,113,0.0,-11.1,,,0.0,3.20,,2.5,0.82,-100,6.1,0.0,0.0,-0.03,82.2,,,,,,,,
27-Sep-2025 11:50:55,0:22,6.6,-84,0.00,111,46,6.98,8.75,-0.6,0.02,195,152,0.0,-11.1,,,0.0,3.20,,2.5,0.82,-84,6.6,0.0,0.0,-0.02,43.1,,,,,,,,
27-Sep-2025 11:55:05,0:20,5.2,-87,0.00,109,49,5.83,7.43,0.2,0.02,196,243,0.0,-11.1,,,0.0,3.20,,2.5,0.82,-87,5.0,0.0,0.0,-0.02,-47.9,,,,,,,,
27-Sep-2025 11:56:06,0:24,5.8,-107,0.00,090,137,6.37,8.41,0.7,0.03,195,101,0.0,-11.1,,,0.0,3.20,,2.6,0.81,-107,5.9,0.0,0.0,-0.03,94.9,,,,,,,,
27-Sep-2025 11:58:34,0:24,3.8,-76,0.00,120,53,4.36,5.30,0.8,0.02,196,208,0.0,-11.1,,,0.0,3.20,,2.6,0.82,-75,3.9,0.0,0.0,-0.02,-12.9,,,,,,,,
27-Sep-2025 12:00:22,0:24,6.2,-101,0.00,093,138,6.66,8.79,0.6,0.02,195,164,0.0,-11.1,,,0.0,3.20,,2.6,0.82,-102,6.1,0.0,0.0,-0.02,31.6,,,,,,,,
27-Sep-2025 12:07:14,0:22,5.2,-157,0.00,042,134,5.83,3.80,0.5,0.02,195,133,0.0,-11.1,,,0.0,3.20,,2.5,0.82,-155,5.3,0.0,0.0,-0.02,62.5,,,,,,,,
27-Sep-2025 12:08:40,0:27,6.5,-150,0.00,045,138,6.86,5.42,0.6,0.02,196,154,0.0,-11.1,,,0.0,3.20,,2.5,0.82,-151,6.4,0.0,0.0,-0.02,42.1,,,,,,,,
27-Sep-2025 12:09:49,0:23,6.9,-153,0.00,045,139,7.15,5.44,0.6,0.01,196,257,0.0,-11.1,,,0.0,3.20,,2.5,0.82,-152,6.6,0.0,0.0,-0.01,-61.0,,,,,,,,
27-Sep-2025 12:27:41,0:29,5.7,-133,0.00,061,136,6.22,6.42,0.5,0.02,195,159,0.0,-11.1,,,0.0,3.20,,2.5,0.82,-133,5.8,0.0,0.0,-0.02,36.1,,,,,,,,
27-Sep-2025 12:30:53,0:29,5.2,-164,0.00,033,134,5.81,3.45,0.6,0.03,195,225,0.0,-11.1,,,0.0,3.20,,2.6,0.82,-164,5.1,0.0,0.0,-0.03,-29.3,,,,,,,,
27-Sep-2025 12:31:47,0:26,4.7,-145,0.00,046,133,5.41,4.11,0.6,0.01,195,170,0.0,-11.1,,,0.0,3.20,,2.5,0.82,-147,4.6,0.0,0.0,-0.01,25.7,,,,,,,,
27-Sep-2025 12:38:19,0:20,5.8,-154,0.00,044,136,6.35,4.56,0.5,0.02,195,162,0.0,-11.1,,,0.0,3.20,,2.7,0.82,-152,5.6,0.0,0.0,-0.02,33.6,,,,,,,,
27-Sep-2025 12:47:51,0:26,3.3,148,0.00,347,130,4.02,2.77,1.5,0.07,199,230,0.0,-11.1,,,0.0,3.20,,2.6,0.82,147,3.3,0.0,0.0,-0.07,-31.5,,,,,,,,
27-Sep-2025 12:50:55,0:29,4.5,-146,1.58,108,132,5.27,3.83,0.5,3.13,256,074,0.4,-11.1,,,0.0,3.20,,2.4,0.82,-102,2.6,41.1,37.1,-1.55,181.5,,,,,,,,
27-Sep-2025 12:51:26,0:29,3.4,-153,1.81,109,130,4.03,2.54,-1.0,3.14,262,082,-0.8,-11.1,,,0.0,3.20,,2.4,0.82,-83,1.8,71.4,62.4,-1.32,179.8,,,,,,,,
27-Sep-2025 13:17:18,0:24,3.6,144,6.12,078,130,4.37,3.29,1.2,6.26,297,024,0.2,-11.1,,,0.0,3.20,,2.4,1.34,33,4.0,186.0,175.4,-0.14,272.3,,,,,,,,
27-Sep-2025 13:20:05,0:23,5.4,149,4.62,056,135,6.00,4.59,3.2,3.81,268,027,0.8,-11.1,,,0.0,3.20,,1.9,0.85,109,3.0,100.7,92.8,0.81,240.7,,,,,,,,
27-Sep-2025 13:20:50,0:29,6.8,115,4.76,056,139,7.10,8.80,13.6,7.01,301,076,1.1,-11.1,,,0.0,3.20,,2.8,1.08,54,7.6,54.1,37.8,-2.25,225.0,,,,,,,,
27-Sep-2025 13:21:21,0:23,6.6,104,5.29,044,139,6.94,9.06,16.8,8.93,295,076,1.1,-11.1,,,0.0,3.20,,2.0,1.22,40,9.8,58.4,24.2,-3.64,219.4,,,,,,,,
27-Sep-2025 13:21:48,0:27,6.2,108,5.78,038,138,6.68,8.75,16.4,8.82,289,073,1.0,-11.1,,,0.0,3.20,,1.7,1.55,39,9.1,66.0,36.2,-3.04,216.9,,,,,,,,
27-Sep-2025 13:22:57,0:21,7.0,98,6.60,028,140,7.28,9.30,18.4,8.37,290,089,1.0,-11.1,,,4.0,3.20,,2.0,1.75,42,10.0,71.0,16.2,-1.77,201.9,,,,,,,,
27-Sep-2025 13:23:39,0:26,5.7,108,6.93,029,136,6.28,8.25,10.9,8.16,285,087,0.7,-11.1,,,4.6,3.20,,2.1,1.33,41,8.3,84.0,46.7,-1.23,198.0,,,,,,,,
27-Sep-2025 13:24:28,0:28,6.0,101,7.12,012,137,6.47,8.59,14.0,8.42,272,082,0.8,-11.1,,,5.0,3.20,,2.2,1.93,38,9.4,82.9,28.7,-1.30,189.9,,,,,,,,
27-Sep-2025 13:24:57,0:20,6.4,108,7.25,016,138,6.85,8.92,14.7,8.36,268,087,0.7,-11.1,,,6.1,3.20,,1.9,1.95,43,8.8,81.3,44.6,-1.11,181.5,,,,,,,,
27-Sep-2025 13:25:18,0:29,6.2,119,7.40,018,138,6.69,8.07,10.8,8.61,261,078,0.6,-11.1,,,-0.1,3.20,,2.0,1.68,45,7.7,91.7,73.3,-1.21,182.8,,,,,,,,
27-Sep-2025 13:26:08,0:28,7.3,118,7.68,003,140,7.47,9.05,15.3,9.32,244,082,0.6,-11.1,,,6.0,3.20,,2.1,1.94,46,8.8,84.9,62.1,-1.63,161.6,,,,,,,,
27-Sep-2025 13:26:59,0:28,6.1,117,7.87,350,137,6.61,8.16,9.5,7.74,230,092,0.6,-11.1,,,6.0,3.20,,1.7,2.06,49,7.3,96.4,72.5,0.13,137.6,,,,,,,,
27-Sep-2025 13:27:28,0:20,6.6,123,7.79,340,139,6.94,8.12,11.3,7.36,213,088,0.7,-11.1,,,6.0,3.20,,2.1,2.02,53,6.7,95.9,81.4,0.42,124.9,,,,,,,,
27-Sep-2025 13:27:49,0:29,7.1,131,7.76,333,140,7.34,8.03,10.8,7.75,200,086,0.6,-11.1,,,6.0,3.20,,2.1,2.03,62,6.1,96.6,91.3,0.01,113.3,,,,,,,,
27-Sep-2025 13:28:40,0:29,5.0,120,7.45,312,134,5.72,6.56,7.5,5.87,190,097,0.8,-11.1,,,6.0,3.20,,1.9,2.09,54,5.3,113.6,94.7,1.58,93.7,,,,,,,,
27-Sep-2025 13:30:11,0:29,5.6,132,6.67,268,136,6.17,6.45,8.1,5.48,134,083,0.9,-11.1,,,0.0,3.20,,2.0,2.09,68,4.4,103.4,100.2,1.19,51.1,,,,,,,,
27-Sep-2025 13:31:21,0:29,4.1,133,6.61,233,130,4.87,4.53,6.2,6.15,099,084,0.8,-11.1,,,0.0,3.20,,2.1,2.11,42,4.4,145.9,143.7,0.46,15.5,,,,,,,,
27-Sep-2025 13:32:14,0:21,5.0,121,6.29,195,134,5.65,6.37,7.5,5.43,073,079,1.0,-11.1,,,0.0,3.20,,1.9,2.10,55,5.1,98.6,83.9,0.86,-6.4,,,,,,,,
27-Sep-2025 13:32:57,0:28,5.1,118,6.23,173,134,5.75,6.79,11.1,6.49,058,083,1.2,-11.1,,,0.0,3.20,,1.7,2.07,44,6.2,91.7,72.2,-0.26,-25.6,,,,,,,,
27-Sep-2025 13:35:48,0:27,6.2,136,6.44,169,138,6.65,6.80,7.5,6.26,030,094,0.6,-11.1,,,2.0,3.20,,2.0,2.09,66,4.7,94.6,93.8,0.17,-64.1,,,,,,,,
27-Sep-2025 13:36:16,0:28,7.0,131,6.47,150,139,7.24,7.93,8.2,6.85,013,080,0.6,-11.1,,,2.0,3.20,,1.8,2.09,65,5.8,81.6,77.0,-0.38,-67.0,,,,,,,,
27-Sep-2025 13:39:30,0:22,7.7,138,7.15,173,141,7.71,7.96,8.1,9.18,032,073,0.4,-11.1,,,0.1,3.20,,2.1,1.00,63,6.1,89.9,89.1,-2.02,-41.3,,,,,,,,
27-Sep-2025 13:44:49,0:20,4.7,115,4.83,162,133,5.39,6.39,8.0,6.09,047,065,1.3,-11.1,,,0.0,3.20,,1.9,1.10,41,6.2,75.6,56.0,-1.27,-18.8,,,,,,,,
27-Sep-2025 13:45:11,0:26,5.2,125,5.00,163,134,5.82,6.42,6.0,6.21,043,056,0.9,-11.1,,,0.0,3.20,,1.9,1.08,49,5.6,77.9,69.9,-1.20,-12.9,,,,,,,,
27-Sep-2025 13:45:38,0:27,5.1,134,5.19,178,134,5.79,5.62,6.1,6.34,050,061,0.8,-11.1,,,0.0,3.20,,2.0,1.09,53,4.8,92.3,89.8,-1.16,-10.8,,,,,,,,
27-Sep-2025 13:46:47,0:29,5.9,138,5.04,215,137,6.38,6.26,8.6,4.50,091,095,1.2,-11.1,,,0.0,3.20,,2.1,1.09,82,4.1,80.5,80.3,0.54,-4.0,,,,,,,,
27-Sep-2025 13:47:24,0:22,10.0,127,5.29,231,143,9.13,10.32,13.7,7.40,103,112,0.9,-11.1,,,0.0,3.20,,2.0,0.85,72,7.9,51.2,44.0,-2.11,-8.8,,,,,,,,
27-Sep-2025 13:48:48,0:21,9.2,149,7.28,230,142,8.61,7.56,6.1,8.69,083,078,0.3,-11.1,,,1.0,3.20,,1.9,0.94,83,4.9,96.3,91.6,-1.41,4.9,,,,,,,,
27-Sep-2025 13:50:08,0:20,10.0,132,7.87,233,143,9.11,10.10,17.2,10.55,106,099,0.7,-11.1,,,1.0,3.20,,2.5,2.61,62,8.6,77.9,71.8,-2.68,6.6,,,,,,,,
27-Sep-2025 13:50:29,0:29,9.8,120,8.19,236,143,8.99,10.43,17.4,10.53,116,110,0.6,-11.1,,,1.0,3.20,,2.4,2.56,56,10.1,78.6,57.7,-2.34,5.4,,,,,,,,
27-Sep-2025 13:51:22,0:27,11.5,114,8.86,225,143,10.00,11.31,23.4,11.36,106,102,0.8,-11.1,,,3.0,3.20,,2.4,2.57,55,12.5,78.3,45.3,-2.50,4.4,,,,,,,,
27-Sep-2025 13:51:52,0:23,12.5,121,9.39,215,143,10.62,11.70,20.4,12.40,094,090,0.6,-11.1,,,3.0,3.20,,3.1,2.73,59,12.5,80.2,57.6,-3.01,3.9,,,,,,,,
27-Sep-2025 13:52:36,0:28,13.1,124,10.38,199,143,11.00,11.99,12.8,12.48,073,072,0.3,-11.1,,,3.0,3.20,,3.6,2.68,62,12.3,86.6,67.0,-2.11,1.7,,,,,,,,
27-Sep-2025 13:53:06,0:21,12.0,128,10.79,198,143,10.28,11.31,12.1,13.47,072,070,0.3,-11.1,,,3.0,3.20,,4.0,2.65,57,11.2,95.4,80.7,-2.68,1.8,,,,,,,,
27-Sep-2025 13:53:28,0:29,12.0,120,11.04,195,143,10.32,11.50,17.3,12.57,073,074,0.4,-11.1,,,3.0,3.20,,3.5,2.64,56,12.4,96.0,66.2,-1.53,-0.1,,,,,,,,
27-Sep-2025 13:53:58,0:27,12.9,117,11.33,187,143,10.91,11.87,21.3,13.09,066,067,0.4,-11.1,,,3.0,3.20,,3.3,2.59,58,13.4,95.4,60.0,-1.76,-1.4,,,,,,,,
27-Sep-2025 13:55:07,0:29,11.5,120,11.71,179,143,9.99,11.25,16.3,12.68,060,060,0.4,-11.1,,,3.0,3.20,,3.5,2.80,56,12.0,104.1,73.7,-0.97,-0.4,,,,,,,,
27-Sep-2025 13:56:18,0:26,12.1,121,11.98,174,143,10.36,11.51,15.0,12.63,053,053,0.3,-11.1,,,3.0,3.20,,3.7,2.38,57,12.2,104.1,74.4,-0.65,-0.3,,,,,,,,
27-Sep-2025 13:57:06,0:22,11.1,122,12.20,175,143,9.78,11.05,12.7,12.64,051,052,0.3,-11.1,,,3.0,3.20,,3.3,2.76,55,11.5,110.4,82.5,-0.43,-1.2,,,,,,,,
27-Sep-2025 13:57:31,0:27,10.0,146,12.09,174,143,9.12,8.71,1.3,9.92,030,028,0.0,-11.1,,,3.0,3.20,,2.5,3.16,87,6.5,138.7,136.8,2.16,1.9,,,,,,,,
27-Sep-2025 13:58:20,0:23,9.9,120,11.02,176,143,9.04,10.47,4.4,8.29,057,054,0.1,-11.1,,,3.0,3.20,,2.5,3.20,69,9.1,105.2,77.0,2.73,2.5,,,,,,,,
27-Sep-2025 13:59:04,0:28,10.7,119,10.53,180,143,9.54,10.91,4.0,9.02,061,059,0.1,-11.1,,,3.0,3.20,,2.5,3.14,68,10.1,96.5,67.6,1.51,1.4,,,,,,,,
27-Sep-2025 14:01:35,0:29,11.5,114,10.39,185,143,9.99,11.30,8.4,10.42,074,073,0.3,-11.1,,,3.0,3.20,,3.0,3.12,62,11.9,92.0,53.4,-0.03,1.2,,,,,,,,
27-Sep-2025 14:02:12,0:23,12.2,107,10.34,190,143,10.45,11.55,8.8,10.09,083,082,0.3,-11.1,,,3.0,3.20,,2.7,3.10,61,13.1,89.5,36.9,0.25,1.2,,,,,,,,
27-Sep-2025 14:02:56,0:25,12.6,88,10.32,182,39,8.56,11.58,13.0,10.39,093,093,0.4,-11.1,,,3.0,3.20,,3.0,3.12,48,16.7,89.1,5.7,-0.08,-0.2,,,,,,,,
27-Sep-2025 14:03:44,0:25,10.6,139,10.40,184,143,9.44,9.87,1.5,8.47,046,045,0.1,-11.1,,,3.0,3.20,,2.3,3.18,87,7.1,105.4,104.0,1.93,0.6,,,,,,,,
27-Sep-2025 14:04:10,0:29,11.3,135,10.11,184,143,9.85,10.60,2.7,8.36,048,047,0.1,-11.1,,,3.0,3.20,,2.3,3.15,88,7.9,95.4,90.1,1.75,1.2,,,,,,,,
27-Sep-2025 14:04:41,0:29,12.1,137,9.85,185,143,10.34,10.93,2.9,8.48,049,049,0.1,-11.1,,,3.0,3.20,,2.3,3.16,91,8.3,90.2,86.7,1.37,0.6,,,,,,,,
27-Sep-2025 14:05:11,0:24,12.6,140,9.69,189,143,10.65,10.94,2.8,8.78,050,049,0.1,-11.1,,,3.0,3.20,,2.3,3.16,96,8.0,88.6,87.7,0.91,1.4,,,,,,,,
27-Sep-2025 14:05:57,0:22,14.2,39,8.54,190,38,8.72,8.81,9.0,7.19,154,150,0.3,-11.1,,,3.0,3.20,,2.9,3.28,26,20.5,96.9,96.2,1.35,3.5,,,,,,,,
27-Sep-2025 14:06:23,0:22,13.9,18,8.19,192,38,8.69,4.74,6.6,6.33,174,174,0.3,-11.1,,,5.9,3.20,,2.8,3.42,12,19.7,172.9,114.1,1.87,0.7,,,,,,,,
27-Sep-2025 14:06:47,0:21,14.5,10,7.80,189,38,8.74,2.86,1.4,4.30,176,179,0.1,-11.1,,,8.0,3.20,,2.5,3.36,9,18.6,273.0,110.8,3.50,-2.3,,,,,,,,
27-Sep-2025 14:07:11,0:27,12.9,26,6.97,185,39,8.59,6.40,5.6,3.87,160,151,0.6,-11.1,,,4.7,3.20,,2.6,3.33,19,16.7,109.0,94.2,3.11,8.6,,,,,,,,
27-Sep-2025 14:07:39,0:26,13.9,18,6.65,183,38,8.69,4.83,3.6,4.38,164,162,0.3,-11.1,,,3.0,3.20,,2.6,3.32,14,18.0,137.7,92.4,2.28,2.3,,,,,,,,
27-Sep-2025 14:08:06,0:29,14.1,28,6.35,187,38,8.71,7.09,4.4,4.45,162,157,0.3,-11.1,,,3.0,3.20,,2.6,2.04,20,18.4,89.6,81.5,1.90,5.5,,,,,,,,
27-Sep-2025 14:09:17,0:29,13.9,14,5.66,189,38,8.69,3.89,0.8,3.50,174,166,0.1,-11.1,,,3.0,3.20,,2.6,1.20,11,17.6,145.7,80.3,2.17,7.5,,,,,,,,
27-Sep-2025 14:10:14,0:23,11.8,17,4.34,191,40,8.48,4.19,0.6,3.74,173,171,0.2,-11.1,,,3.0,3.20,,2.6,2.42,14,15.6,103.7,64.1,0.61,2.7,,,,,,,,
27-Sep-2025 14:10:38,0:25,13.3,22,4.24,189,39,8.64,5.54,1.5,3.22,168,151,0.2,-11.1,,,3.0,3.20,,2.5,2.39,17,16.3,76.6,58.6,1.02,17.2,,,,,,,,
27-Sep-2025 14:11:25,0:22,13.9,17,4.01,189,38,8.69,4.55,0.1,3.20,170,159,0.1,-11.1,,,0.0,3.20,,2.5,2.37,15,16.9,88.0,56.0,0.81,11.3,,,,,,,,
27-Sep-2025 14:12:29,0:29,13.5,22,3.70,191,39,8.65,5.61,1.7,3.15,170,150,0.3,-11.1,,,2.0,3.20,,2.6,2.37,18,16.8,66.0,50.8,0.55,19.7,,,,,,,,
27-Sep-2025 14:12:59,0:29,14.1,22,3.65,193,38,8.71,5.68,-0.3,3.06,172,163,-0.0,-11.1,,,2.0,3.20,,2.6,2.34,17,17.0,64.2,49.4,0.58,8.7,,,,,,,,
27-Sep-2025 14:13:31,0:28,13.7,27,3.56,189,38,8.67,6.73,2.4,3.04,163,142,0.5,-11.1,,,2.0,3.20,,2.6,2.36,21,16.6,52.9,46.7,0.52,20.5,,,,,,,,
27-Sep-2025 14:14:00,0:29,14.5,27,3.61,193,38,8.74,7.00,3.3,4.14,167,160,0.4,-11.1,,,2.0,3.20,,2.8,2.39,21,18.6,51.6,46.3,-0.52,7.8,,,,,,,,
27-Sep-2025 14:14:51,0:29,15.2,29,4.04,188,37,8.77,7.33,1.9,5.28,160,159,0.2,-11.1,,,2.0,3.20,,2.8,2.38,21,20.3,55.1,50.7,-1.24,1.5,,,,,,,,
27-Sep-2025 14:15:43,0:27,14.9,28,6.56,192,37,8.76,7.15,18.6,8.34,166,168,0.7,-11.1,,,8.0,3.20,,3.0,5.91,17,22.6,91.8,83.2,-1.78,-2.6,,,,,,,,
27-Sep-2025 14:16:32,0:29,15.1,29,7.02,192,37,8.77,7.34,16.1,8.03,165,166,0.5,-11.1,,,8.0,3.20,,3.0,5.81,18,22.6,95.7,88.2,-1.01,-1.4,,,,,,,,
27-Sep-2025 14:17:02,0:29,14.8,36,7.29,193,37,8.75,8.49,17.4,8.80,158,160,0.5,-11.1,,,8.0,3.20,,3.0,5.94,21,22.7,85.9,85.1,-1.51,-1.8,,,,,,,,
27-Sep-2025 14:17:32,0:29,15.0,39,7.58,199,37,8.76,8.87,22.5,9.40,163,164,0.6,-11.1,,,8.0,3.20,,3.2,5.93,23,23.2,85.4,84.7,-1.83,-1.7,,,,,,,,
27-Sep-2025 14:18:02,0:29,14.6,40,7.86,198,38,8.74,8.89,20.7,9.45,158,161,0.6,-11.1,,,8.0,3.20,,3.1,5.93,24,22.7,88.4,87.3,-1.59,-2.9,,,,,,,,
27-Sep-2025 14:18:32,0:29,13.5,47,8.13,199,39,8.65,9.27,21.3,9.66,153,157,0.7,-11.1,,,8.0,3.20,,3.1,5.87,26,21.4,87.7,82.0,-1.53,-3.4,,,,,,,,
27-Sep-2025 14:19:36,0:27,13.5,-44,7.22,204,39,8.65,9.06,-14.6,8.99,249,250,-0.6,-11.1,,,-8.0,3.20,,0.9,5.83,-26,20.7,79.7,76.6,-1.77,-1.5,,,,,,,,
27-Sep-2025 14:20:05,0:29,14.2,-36,7.46,207,38,8.72,8.47,-17.7,8.99,244,246,-0.6,-11.1,,,-8.0,3.20,,0.2,5.92,-22,21.8,88.1,87.6,-1.53,-2.1,,,,,,,,
27-Sep-2025 14:20:36,0:28,14.0,-45,7.66,204,38,8.70,9.22,-20.5,9.32,247,250,-0.7,-11.1,,,-8.0,3.20,,-0.1,5.69,-26,21.6,83.1,78.8,-1.65,-2.8,,,,,,,,
27-Sep-2025 14:21:05,0:29,13.6,-42,7.87,202,38,8.67,8.92,-19.4,9.12,242,246,-0.7,-11.1,,,-8.0,3.20,,-0.0,5.76,-25,21.2,88.3,86.4,-1.24,-4.4,,,,,,,,
27-Sep-2025 14:21:36,0:29,14.7,-37,8.02,201,37,8.75,8.71,-18.0,8.99,237,243,-0.5,-11.1,,,-8.0,3.20,,0.2,5.74,-23,22.1,92.1,91.8,-0.97,-5.7,,,,,,,,
27-Sep-2025 14:22:06,0:29,14.4,-37,8.14,200,38,8.73,8.64,-17.9,8.95,237,243,-0.5,-11.1,,,-8.0,3.20,,0.3,5.90,-23,22.2,94.2,93.9,-0.81,-6.6,,,,,,,,
27-Sep-2025 14:22:37,0:29,14.3,-40,8.23,197,38,8.73,8.89,-20.2,9.09,234,241,-0.6,-11.1,,,-8.0,3.20,,-0.0,5.96,-24,22.0,92.6,91.2,-0.85,-7.7,,,,,,,,
27-Sep-2025 14:23:28,0:28,14.3,-37,8.41,197,38,8.72,8.63,-16.9,8.90,234,243,-0.5,-11.1,,,-8.0,3.20,,0.5,5.96,-22,21.9,97.4,97.2,-0.49,-8.6,,,,,,,,
27-Sep-2025 14:23:57,0:29,13.2,-41,8.51,192,39,8.62,8.78,-19.7,9.31,231,240,-0.7,-11.1,,,-8.0,3.20,,0.0,5.95,-24,21.0,96.9,95.8,-0.81,-8.7,,,,,,,,
27-Sep-2025 14:24:28,0:28,13.6,-43,8.58,193,38,8.66,8.99,-19.4,9.19,235,245,-0.6,-11.1,,,-8.0,3.20,,0.1,5.94,-25,21.0,95.5,92.8,-0.61,-9.7,,,,,,,,
27-Sep-2025 14:24:57,0:29,13.8,-39,8.66,197,38,8.68,8.71,-17.9,9.24,238,247,-0.5,-11.1,,,-8.0,3.20,,0.3,5.95,-23,21.7,99.4,99.2,-0.58,-9.4,,,,,,,,
27-Sep-2025 14:25:27,0:29,13.5,-41,8.73,195,39,8.66,8.84,-19.2,9.29,234,244,-0.6,-11.1,,,-8.0,3.20,,0.1,5.93,-24,21.3,98.8,97.3,-0.56,-10.2,,,,,,,,
27-Sep-2025 14:25:57,0:29,12.7,-49,8.81,191,39,8.57,9.30,-19.0,9.47,237,246,-0.8,-11.1,,,-8.0,3.20,,0.3,5.90,-27,20.2,94.7,86.8,-0.66,-9.3,,,,,,,,
27-Sep-2025 14:27:30,0:29,14.2,31,7.78,194,38,8.72,7.72,20.2,8.41,164,168,0.7,-11.1,,,8.0,3.20,,3.1,6.03,19,22.1,100.8,96.5,-0.63,-3.2,,,,,,,,
27-Sep-2025 14:28:00,0:29,13.6,38,7.95,197,38,8.66,8.63,21.1,8.99,159,162,0.7,-11.1,,,8.0,3.20,,3.0,5.94,23,21.5,92.0,92.1,-1.04,-3.5,,,,,,,,
27-Sep-2025 14:28:31,0:29,14.6,34,8.12,194,38,8.74,8.24,21.6,8.70,161,162,0.6,-11.1,,,8.0,3.20,,3.0,5.96,21,22.1,98.5,96.8,-0.59,-1.8,,,,,,,,
27-Sep-2025 14:29:04,0:26,13.4,40,8.24,197,39,8.65,8.76,20.0,9.10,158,162,0.7,-4.8,,,8.0,3.20,,3.0,5.98,23,21.7,94.1,93.4,-0.86,-3.1,,,,,,,,
27-Sep-2025 14:30:21,0:29,13.1,-47,7.63,203,39,8.61,9.22,-18.2,9.17,249,249,-0.7,4.1,,,-8.0,3.20,,0.2,5.68,-26,20.6,82.7,77.4,-1.55,0.2,,,,,,,,
27-Sep-2025 14:30:52,0:29,13.7,-46,7.96,201,38,8.67,9.22,-21.5,9.81,245,246,-0.7,3.7,,,-8.0,3.20,,-0.4,5.98,-27,21.5,86.3,81.5,-1.86,-1.1,,,,,,,,
27-Sep-2025 14:31:42,0:29,14.2,-38,8.25,207,38,8.71,8.74,-19.1,9.12,244,246,-0.6,3.8,,,-8.0,3.20,,0.0,6.03,-22,22.2,94.4,94.3,-0.86,-2.6,,,,,,,,
27-Sep-2025 14:32:13,0:28,14.0,-45,8.37,201,38,8.70,9.18,-20.6,9.33,243,246,-0.6,4.4,,,-8.0,3.20,,-0.3,6.00,-26,21.6,91.2,86.9,-0.96,-3.0,,,,,,,,
27-Sep-2025 14:32:43,0:29,14.0,-42,8.50,196,38,8.70,8.99,-20.4,9.45,237,241,-0.6,4.3,,,-8.0,3.20,,-0.1,6.00,-25,21.7,94.6,92.2,-0.95,-4.3,,,,,,,,
27-Sep-2025 14:33:13,0:25,13.7,-37,8.56,199,38,8.67,8.48,-17.2,8.87,239,243,-0.6,5.1,,,-8.0,3.20,,0.1,6.04,-22,21.5,100.9,100.7,-0.31,-3.7,,,,,,,,
27-Sep-2025 14:33:39,0:25,13.1,-42,8.60,203,39,8.61,8.83,-20.4,9.22,241,249,-0.8,3.4,,,-8.0,3.20,,-0.1,6.00,-24,20.7,97.3,95.6,-0.62,-7.2,,,,,,,,
27-Sep-2025 14:34:36,0:27,14.4,42,7.82,190,38,8.73,9.01,22.3,9.35,150,153,0.6,-3.6,,,8.0,3.20,,3.1,5.97,26,22.3,86.8,84.6,-1.53,-3.2,,,,,,,,
27-Sep-2025 14:35:05,0:28,14.5,35,8.02,193,38,8.73,8.27,21.2,9.00,159,162,0.6,-3.7,,,8.0,3.20,,3.1,6.03,21,22.4,97.0,95.5,-0.98,-2.9,,,,,,,,
27-Sep-2025 14:35:34,0:23,16.0,31,8.13,190,37,8.80,7.77,20.4,8.81,157,160,0.6,-3.8,,,8.0,3.20,,3.0,6.06,19,23.9,104.6,99.5,-0.68,-2.8,,,,,,,,
27-Sep-2025 14:35:59,0:29,15.0,40,8.22,192,37,8.76,8.94,23.0,9.02,155,157,0.6,-3.6,,,8.0,3.20,,2.9,5.98,24,22.7,92.0,90.7,-0.79,-2.5,,,,,,,,
27-Sep-2025 14:36:31,0:27,16.6,35,8.41,194,37,8.83,8.61,21.9,9.60,159,162,0.6,-2.1,,,8.0,3.20,,3.2,5.97,23,24.9,97.7,97.1,-1.19,-3.1,,,,,,,,
27-Sep-2025 14:36:59,0:29,16.2,35,8.52,194,37,8.81,8.47,20.8,9.09,161,163,0.5,-3.4,,,8.0,3.20,,3.1,6.01,22,24.3,100.6,99.5,-0.58,-2.8,,,,,,,,
27-Sep-2025 14:37:29,0:29,15.5,35,8.60,194,37,8.78,8.40,20.6,9.15,158,162,0.5,-3.4,,,8.0,3.20,,3.0,6.01,21,23.7,102.4,101.1,-0.55,-4.2,,,,,,,,
27-Sep-2025 14:38:00,0:28,15.7,37,8.69,192,37,8.79,8.73,22.2,9.24,158,161,0.6,-4.1,,,8.0,3.20,,3.1,5.99,23,23.8,99.5,99.3,-0.56,-3.7,,,,,,,,
27-Sep-2025 14:38:29,0:29,14.8,40,8.84,198,37,8.76,8.93,21.9,9.64,161,165,0.5,-3.1,,,8.0,3.20,,3.0,5.96,23,23.0,99.0,97.5,-0.79,-4.0,,,,,,,,
27-Sep-2025 14:38:59,0:29,15.4,38,8.99,199,37,8.78,8.84,22.1,9.61,160,164,0.5,-3.6,,,8.0,3.20,,3.2,5.95,24,23.5,101.6,101.1,-0.62,-3.8,,,,,,,,
27-Sep-2025 14:39:30,0:29,16.1,35,9.00,196,37,8.80,8.51,21.4,9.04,163,165,0.5,-0.8,,,8.0,3.20,,3.1,5.97,22,23.9,105.7,104.8,-0.04,-2.3,,,,,,,,
27-Sep-2025 14:40:24,0:29,15.2,-35,8.05,209,37,8.77,8.40,-18.3,9.27,244,245,-0.5,2.1,,,-8.0,3.20,,0.3,5.94,-22,23.0,95.8,94.6,-1.22,-1.3,,,,,,,,
27-Sep-2025 14:40:55,0:28,16.1,-35,8.16,207,37,8.81,8.52,-21.6,9.02,240,242,-0.6,4.0,,,-8.0,3.20,,-0.2,5.98,-22,23.8,95.7,94.9,-0.86,-1.9,,,,,,,,
27-Sep-2025 14:42:05,0:29,15.4,-39,8.47,205,37,8.78,8.91,-19.7,9.42,242,247,-0.5,2.8,,,-8.0,3.20,,0.0,5.91,-24,23.4,95.1,94.2,-0.95,-5.3,,,,,,,,
27-Sep-2025 14:42:40,0:25,16.4,-33,8.60,202,37,8.82,8.19,-19.1,9.55,234,240,-0.5,2.2,,,-8.0,3.20,,0.1,5.94,-22,24.6,104.9,102.4,-0.96,-6.5,,,,,,,,
27-Sep-2025 14:43:06,0:29,15.0,-36,8.66,198,37,8.76,8.48,-17.9,9.17,231,238,-0.5,3.4,,,-8.0,3.20,,0.3,5.95,-21,23.2,102.0,101.1,-0.52,-6.7,,,,,,,,
27-Sep-2025 14:43:36,0:29,15.2,-35,8.73,195,37,8.77,8.39,-20.1,9.41,229,237,-0.5,2.7,,,-8.0,3.20,,0.1,5.93,-21,23.1,104.1,102.7,-0.68,-8.2,,,,,,,,
27-Sep-2025 14:44:07,0:29,15.7,-32,8.78,193,37,8.79,7.89,-17.7,9.12,224,232,-0.5,3.7,,,-8.0,3.20,,0.2,5.99,-20,23.7,111.3,106.7,-0.34,-8.0,,,,,,,,
27-Sep-2025 14:44:37,0:29,15.5,-35,8.80,193,37,8.78,8.44,-18.4,9.22,229,238,-0.5,3.0,,,-8.0,3.20,,0.3,5.90,-22,23.7,104.3,103.1,-0.41,-8.4,,,,,,,,
27-Sep-2025 14:45:07,0:29,16.3,-34,8.86,196,37,8.81,8.45,-18.5,9.27,231,239,-0.5,2.2,,,-8.0,3.20,,0.2,5.92,-22,24.4,104.9,103.7,-0.41,-8.7,,,,,,,,
27-Sep-2025 14:45:37,0:29,16.4,-32,8.86,197,37,8.82,8.03,-19.6,8.94,227,236,-0.5,2.9,,,-8.0,3.20,,0.1,5.95,-20,24.3,110.4,106.7,-0.08,-8.7,,,,,,,,
27-Sep-2025 14:46:08,0:29,15.6,-33,8.89,194,37,8.79,8.11,-19.3,9.35,225,234,-0.5,2.9,,,-8.0,3.20,,-0.1,5.92,-20,23.9,109.7,106.7,-0.45,-8.4,,,,,,,,
27-Sep-2025 14:47:37,0:29,15.6,32,8.47,192,37,8.79,8.05,24.2,9.17,163,161,0.6,-2.4,,,-8.0,3.20,,3.0,6.07,20,23.9,105.1,101.9,-0.70,2.5,,,,,,,,
27-Sep-2025 14:48:08,0:27,15.4,28,8.54,198,37,8.78,7.15,19.5,9.04,170,172,0.6,-2.8,,,2.9,3.20,,2.9,6.03,18,23.5,119.4,108.0,-0.50,-1.7,,,,,,,,
27-Sep-2025 14:48:39,0:26,17.3,27,8.49,197,36,8.87,7.13,23.2,8.17,171,174,0.7,-7.8,,,8.0,3.20,,2.8,6.08,18,24.7,119.1,106.2,0.32,-2.9,,,,,,,,
27-Sep-2025 14:49:07,0:29,16.3,34,8.48,197,37,8.81,8.40,22.4,8.86,164,167,0.6,-4.8,,,8.0,3.20,,2.9,5.90,21,24.4,101.0,99.6,-0.37,-3.9,,,,,,,,
27-Sep-2025 14:50:07,0:29,15.1,-38,7.10,209,37,8.77,8.76,-16.8,8.78,247,249,-0.5,2.1,,,-8.0,3.20,,0.5,5.88,-24,22.4,81.0,80.7,-1.68,-2.0,,,,,,,,
27-Sep-2025 14:50:37,0:29,16.0,-33,7.39,210,37,8.80,8.25,-19.6,9.33,242,244,-0.6,3.4,,,-8.0,3.20,,0.1,5.91,-21,24.1,89.6,87.8,-1.94,-1.4,,,,,,,,
27-Sep-2025 14:51:07,0:29,16.1,-36,7.66,209,37,8.80,8.61,-21.6,9.40,243,247,-0.6,0.9,,,-8.0,3.20,,-0.1,5.88,-22,24.3,89.1,88.6,-1.74,-3.7,,,,,,,,
27-Sep-2025 14:52:21,0:29,17.6,30,7.81,204,36,8.88,7.81,21.6,8.61,176,178,0.6,-2.8,,,8.0,3.20,,3.0,5.97,20,25.2,100.0,94.4,-0.81,-1.1,,,,,,,,
27-Sep-2025 14:52:52,0:21,15.9,27,7.92,203,37,8.79,6.98,17.4,8.78,173,176,0.5,-3.5,,,8.0,3.20,,3.0,5.99,17,24.3,113.5,100.7,-0.86,-2.8,,,,,,,,
27-Sep-2025 14:53:14,0:25,15.1,39,8.00,204,37,8.77,8.87,20.3,8.75,169,171,0.6,-3.0,,,8.0,3.20,,3.0,5.93,23,22.5,90.2,89.4,-0.76,-2.1,,,,,,,,
27-Sep-2025 14:55:01,0:21,13.6,151,9.69,215,143,11.33,9.92,1.9,10.39,064,061,0.0,0.2,,,0.0,3.20,,2.9,1.07,104,6.5,97.7,93.9,-0.69,3.5,,,,,,,,
27-Sep-2025 14:55:24,0:29,14.0,144,9.99,215,143,11.60,11.38,6.9,12.21,070,069,0.1,-3.1,,,0.0,3.20,,3.6,0.91,82,8.1,87.8,87.3,-2.22,1.5,,,,,,,,
27-Sep-2025 14:56:50,0:25,14.3,149,9.91,214,143,11.79,10.61,4.7,10.71,066,064,0.1,0.7,,,0.0,3.20,,3.4,0.94,101,7.2,93.4,90.5,-0.80,2.1,,,,,,,,
27-Sep-2025 14:57:37,0:29,13.9,146,10.74,213,143,11.54,10.95,5.9,12.54,067,066,0.1,-1.8,,,0.0,3.20,,3.9,0.90,82,7.7,98.1,96.7,-1.80,1.1,,,,,,,,
27-Sep-2025 14:58:07,0:28,14.7,151,11.02,211,143,12.01,10.59,7.1,12.44,061,059,0.1,-0.8,,,0.0,3.20,,3.8,0.93,93,7.3,104.1,100.2,-1.42,1.4,,,,,,,,
27-Sep-2025 14:59:06,0:27,14.5,-142,9.18,215,143,11.92,12.01,-6.4,12.07,357,342,-0.1,2.6,,,0.0,3.20,,2.1,0.78,-81,9.3,76.4,76.3,-2.89,15.6,,,,,,,,
27-Sep-2025 14:59:35,0:28,14.2,-142,9.81,219,143,11.72,11.91,-5.6,13.53,089,161,-0.1,2.0,,,0.0,3.20,,3.1,0.93,-73,9.3,82.3,82.0,-3.72,-72.4,,,,,,,,
27-Sep-2025 15:00:04,0:26,14.6,-143,10.39,218,143,11.99,11.99,-6.3,13.19,160,199,-0.1,1.8,,,0.0,3.20,,3.1,0.93,-80,9.0,86.7,86.6,-2.80,-38.8,,,,,,,,
27-Sep-2025 15:01:03,0:29,14.2,146,11.01,211,143,11.76,11.19,6.4,12.19,063,064,0.1,-1.3,,,0.0,3.20,,3.8,1.16,84,8.0,98.3,97.0,-1.18,-0.5,,,,,,,,
27-Sep-2025 15:01:34,0:29,14.2,145,11.13,209,143,11.73,11.32,4.4,11.52,064,064,0.1,-0.5,,,0.0,3.20,,4.0,1.30,91,8.1,98.4,97.4,-0.39,0.3,,,,,,,,
27-Sep-2025 15:02:04,0:29,13.7,144,11.26,211,143,11.41,11.30,6.5,12.21,068,067,0.1,0.7,,,0.0,3.20,,4.2,1.28,82,8.3,99.7,99.5,-0.94,0.4,,,,,,,,
27-Sep-2025 15:02:34,0:25,13.1,143,11.44,212,143,11.04,11.06,9.4,12.48,070,071,0.2,-4.2,,,0.0,3.20,,4.0,1.24,76,8.3,103.5,103.5,-1.04,-1.7,,,,,,,,
27-Sep-2025 15:03:26,0:25,13.1,-139,10.92,218,143,11.02,11.39,-8.7,12.83,316,355,-0.2,2.5,,,0.0,3.20,,2.2,0.94,-70,9.4,95.9,94.4,-1.91,-38.7,,,,,,,,
27-Sep-2025 15:04:12,0:29,13.6,-139,11.36,218,143,11.36,11.79,-9.4,13.12,356,355,-0.2,2.2,,,0.0,3.20,,2.9,0.94,-72,9.5,96.3,94.5,-1.76,1.6,,,,,,,,
27-Sep-2025 15:05:20,0:29,14.3,143,11.19,210,143,11.80,11.87,7.0,12.42,066,066,0.1,-0.9,,,0.0,3.20,,4.0,1.00,81,8.8,94.3,94.2,-1.22,-0.0,,,,,,,,
27-Sep-2025 15:05:51,0:28,16.0,143,11.49,211,144,12.78,12.95,8.9,13.52,071,071,0.1,-1.9,,,0.0,3.20,,4.1,1.12,82,9.7,88.7,88.5,-2.03,-0.4,,,,,,,,
27-Sep-2025 15:06:20,0:29,14.8,142,11.90,209,143,12.07,12.28,11.2,14.19,067,068,0.1,-3.6,,,0.0,3.20,,4.2,1.04,73,9.7,96.9,96.4,-2.28,-1.1,,,,,,,,
27-Sep-2025 15:06:50,0:29,14.4,139,12.32,207,143,11.88,12.32,9.3,13.86,065,066,0.1,-2.2,,,0.0,3.20,,4.5,0.98,73,9.8,100.0,98.2,-1.54,-0.5,,,,,,,,
27-Sep-2025 15:07:22,0:27,14.8,142,12.67,200,143,12.09,12.24,8.6,14.20,058,057,0.1,-1.6,,,0.0,3.20,,4.0,1.02,72,9.6,103.5,103.2,-1.53,0.7,,,,,,,,
27-Sep-2025 15:07:50,0:29,15.6,143,12.95,202,144,12.55,12.68,11.7,14.61,060,060,0.1,-2.8,,,0.0,3.20,,4.4,0.94,76,9.9,102.1,101.9,-1.66,0.1,,,,,,,,
27-Sep-2025 15:08:21,0:22,15.0,145,13.11,204,143,12.23,11.88,9.9,13.53,060,061,0.1,-4.4,,,0.0,3.20,,4.2,0.98,81,8.7,110.3,109.5,-0.42,-0.8,,,,,,,,
27-Sep-2025 15:09:09,0:23,14.4,-148,10.99,214,143,11.82,10.80,-4.2,10.22,091,165,-0.1,-0.2,,,0.0,3.20,,2.4,1.16,-99,7.8,101.8,99.2,0.77,-74.0,,,,,,,,
27-Sep-2025 15:09:34,0:29,15.7,-140,11.54,211,144,12.62,13.07,-8.6,14.05,350,347,-0.1,3.3,,,0.0,3.20,,2.7,0.91,-75,10.2,88.2,87.0,-2.52,2.8,,,,,,,,
27-Sep-2025 15:10:04,0:26,15.8,-139,12.07,211,144,12.70,13.26,-7.7,14.23,351,349,-0.1,2.4,,,0.0,3.20,,3.4,0.88,-76,10.6,91.0,89.2,-2.16,2.1,,,,,,,,
27-Sep-2025 15:10:34,0:27,15.4,-140,12.48,213,144,12.45,12.84,-9.7,15.04,354,353,-0.1,3.4,,,0.0,3.20,,2.8,0.93,-72,10.2,97.2,96.0,-2.56,1.3,,,,,,,,
27-Sep-2025 15:11:02,0:29,15.0,-139,12.83,215,143,12.22,12.72,-8.8,14.40,354,330,-0.1,2.3,,,0.0,3.20,,3.1,0.93,-74,10.3,100.8,98.7,-1.57,24.0,,,,,,,,
27-Sep-2025 15:11:53,0:29,14.9,-140,13.06,216,143,12.14,12.55,-11.1,14.53,298,286,-0.1,3.2,,,0.0,3.20,,2.7,0.90,-72,10.2,104.1,102.5,-1.47,11.6,,,,,,,,
27-Sep-2025 15:12:23,0:29,14.6,-139,13.24,213,143,11.96,12.42,-8.3,13.85,338,316,-0.1,1.5,,,0.0,3.20,,3.2,0.97,-75,9.9,106.6,104.5,-0.61,22.1,,,,,,,,
27-Sep-2025 15:13:14,0:29,14.3,-136,13.25,208,143,11.82,12.52,-9.1,13.28,344,345,-0.1,3.5,,,0.0,3.20,,2.6,1.19,-77,10.3,105.8,100.2,-0.03,-1.6,,,,,,,,
27-Sep-2025 15:13:44,0:27,14.1,-141,13.17,206,143,11.67,11.95,-7.9,13.10,345,347,-0.1,2.1,,,0.0,3.20,,2.9,1.51,-78,9.2,110.2,109.3,0.07,-1.1,,,,,,,,
27-Sep-2025 15:14:12,0:29,14.8,-135,13.14,204,143,12.08,12.85,-9.4,13.51,340,340,-0.1,4.2,,,0.0,3.20,,2.6,1.25,-74,10.8,102.2,95.9,-0.37,0.5,,,,,,,,
27-Sep-2025 15:16:04,0:29,13.9,-62,10.65,206,38,8.69,10.51,-13.6,10.53,268,270,-0.3,0.5,,,0.0,3.20,,2.0,4.89,-36,21.1,101.3,73.9,0.11,-1.8,,,,,,,,
27-Sep-2025 15:16:35,0:28,14.2,-65,10.65,206,38,8.72,10.79,-12.6,10.66,269,271,-0.2,1.1,,,0.0,3.20,,2.0,5.16,-37,21.0,98.7,65.9,-0.01,-2.3,,,,,,,,
27-Sep-2025 15:17:05,0:29,14.1,-69,10.69,202,38,8.71,11.08,-13.4,11.26,269,272,-0.3,1.5,,,0.0,3.20,,1.9,5.13,-39,21.0,96.4,55.7,-0.57,-3.1,,,,,,,,
27-Sep-2025 15:17:35,0:25,13.9,-72,10.81,199,38,8.69,11.25,-16.3,11.88,271,274,-0.3,2.4,,,0.0,3.20,,1.6,5.09,-39,20.7,96.1,48.4,-1.07,-3.7,,,,,,,,
27-Sep-2025 15:18:01,0:29,13.7,-70,10.88,197,38,8.68,11.05,-17.0,11.42,267,271,-0.3,2.5,,,0.0,3.20,,1.4,5.09,-39,20.4,98.5,55.3,-0.53,-4.7,,,,,,,,
27-Sep-2025 15:18:32,0:29,13.4,-72,10.98,197,39,8.64,11.13,-17.8,11.87,268,273,-0.4,2.7,,,0.0,3.20,,1.2,5.06,-38,20.5,98.6,49.2,-0.89,-5.2,,,,,,,,
27-Sep-2025 15:19:24,0:28,13.2,-85,11.35,194,39,8.62,11.67,-15.1,12.37,278,283,-0.3,2.3,,,0.0,3.20,,1.9,4.99,-44,18.9,97.2,14.0,-1.02,-4.3,,,,,,,,
27-Sep-2025 15:20:37,0:25,13.1,-58,11.24,206,39,8.62,10.08,-11.9,10.52,265,269,-0.3,0.2,,,0.0,3.20,,2.1,5.05,-33,20.2,111.5,88.4,0.73,-4.0,,,,,,,,
27-Sep-2025 15:21:03,0:29,13.5,-67,11.18,200,38,8.66,10.84,-20.5,11.26,264,268,-0.4,4.8,,,0.0,3.20,,1.0,4.99,-36,20.6,103.1,63.5,-0.08,-3.4,,,,,,,,
27-Sep-2025 15:21:33,0:29,13.1,-72,11.29,198,39,8.61,11.05,-18.2,12.32,269,272,-0.4,3.2,,,0.0,3.20,,0.9,4.93,-37,20.6,102.2,51.0,-1.04,-2.6,,,,,,,,
27-Sep-2025 15:22:04,0:29,12.7,-70,11.38,198,39,8.57,10.81,-15.7,12.08,270,273,-0.4,1.7,,,0.0,3.20,,1.5,4.93,-36,20.0,105.3,58.0,-0.69,-3.2,,,,,,,,
27-Sep-2025 15:22:34,0:29,12.8,-72,11.40,195,39,8.58,10.97,-16.0,11.61,265,268,-0.4,3.1,,,0.0,3.20,,1.5,4.94,-38,19.5,104.0,52.2,-0.20,-3.7,,,,,,,,
27-Sep-2025 15:23:25,0:29,11.5,-58,11.25,209,40,8.46,9.74,-11.7,10.16,267,271,-0.4,1.0,,,0.0,3.20,,1.9,5.03,-31,18.9,115.5,93.0,1.09,-4.6,,,,,,,,
27-Sep-2025 15:24:16,0:21,11.7,-49,10.96,215,40,8.48,9.14,-8.3,9.74,267,272,-0.3,0.9,,,0.0,3.20,,2.0,5.06,-28,18.9,119.9,110.4,1.22,-5.1,,,,,,,,
27-Sep-2025 15:25:03,0:25,11.4,-73,10.80,198,40,8.45,10.60,-18.2,11.35,267,271,-0.5,4.3,,,0.0,3.20,,1.1,4.95,-36,18.3,101.9,47.9,-0.56,-3.9,,,,,,,,
27-Sep-2025 15:25:51,0:25,11.5,-58,10.64,210,40,8.46,9.77,-12.3,10.03,270,276,-0.4,1.2,,,0.0,3.20,,1.9,5.05,-31,18.5,108.9,86.9,0.60,-5.4,,,,,,,,
27-Sep-2025 15:26:38,0:26,11.9,-67,10.58,201,40,8.49,10.41,-17.5,11.18,267,271,-0.5,3.1,,,0.0,3.20,,1.2,4.97,-35,19.2,101.6,62.5,-0.60,-4.9,,,,,,,,
27-Sep-2025 15:27:24,0:28,11.0,-62,10.54,206,41,8.41,9.88,-11.7,10.37,268,272,-0.4,1.2,,,0.0,3.20,,2.0,4.29,-32,17.9,106.7,78.3,0.17,-4.4,,,,,,,,
27-Sep-2025 15:27:54,0:26,11.0,-72,10.53,198,41,8.41,10.41,-14.0,10.82,267,271,-0.4,3.2,,,0.0,3.20,,1.6,4.33,-36,17.7,101.2,49.7,-0.29,-3.7,,,,,,,,
27-Sep-2025 15:28:21,0:24,10.3,-65,10.52,200,41,8.35,9.88,-15.5,10.64,268,271,-0.5,3.5,,,-1.6,3.20,,1.4,4.39,-33,17.5,106.5,71.4,-0.12,-3.6,,,,,,,,
27-Sep-2025 15:29:07,0:22,10.8,-70,10.48,200,41,8.39,10.25,-16.9,10.57,267,271,-0.5,4.1,,,-4.0,3.20,,1.4,4.80,-34,17.4,102.2,55.7,-0.09,-3.9,,,,,,,,
27-Sep-2025 15:29:50,0:29,11.5,-66,10.44,204,40,8.46,10.25,-14.3,10.39,267,272,-0.5,3.0,,,-4.0,3.20,,1.6,4.65,-34,18.2,101.8,64.7,0.05,-4.4,,,,,,,,
27-Sep-2025 15:30:40,0:28,10.3,-86,10.62,184,41,8.34,10.63,-14.5,11.62,266,269,-0.4,4.7,,,-4.0,3.20,,1.5,5.02,-39,16.3,99.9,13.2,-1.00,-3.5,,,,,,,,
27-Sep-2025 15:31:13,0:26,11.6,-93,10.71,176,143,10.07,11.28,-13.3,11.36,267,271,-0.4,4.7,,,-3.7,3.20,,1.8,4.46,-46,15.6,94.9,7.3,-0.65,-3.8,,,,,,,,
27-Sep-2025 15:31:40,0:29,11.8,-87,10.79,178,40,8.48,11.26,-12.8,11.29,265,269,-0.4,4.3,,,-3.0,3.20,,1.9,5.06,-45,16.7,95.9,9.8,-0.50,-4.0,,,,,,,,
27-Sep-2025 15:32:48,0:24,11.4,-76,10.72,183,40,8.45,10.71,-17.7,10.58,255,259,-0.6,5.5,,,-3.0,3.20,,0.9,5.00,-39,17.1,100.1,41.0,0.14,-4.3,,,,,,,,
27-Sep-2025 15:33:13,0:29,11.2,-82,10.74,170,40,8.43,10.90,-15.9,11.15,249,252,-0.5,4.7,,,-3.0,3.20,,1.1,5.64,-41,17.0,98.6,22.5,-0.41,-3.5,,,,,,,,
27-Sep-2025 15:35:45,0:21,11.7,-54,10.10,198,40,8.47,9.49,-15.7,9.96,253,257,-0.6,3.5,,,-3.0,3.20,,0.9,5.27,-30,19.3,106.5,91.8,0.14,-4.6,,,,,,,,
27-Sep-2025 15:37:10,0:27,10.5,-41,9.92,204,41,8.36,8.40,-14.0,8.88,245,249,-0.5,1.7,,,-3.0,3.20,,0.8,4.46,-22,18.2,118.1,118.0,1.04,-4.8,,,,,,,,
27-Sep-2025 15:37:39,0:29,10.1,-40,9.75,205,41,8.31,8.24,-13.9,8.65,245,249,-0.5,2.3,,,-3.0,3.20,,1.0,3.72,-21,17.4,118.3,118.4,1.10,-4.1,,,,,,,,
27-Sep-2025 15:39:29,0:28,9.6,-47,9.52,196,41,8.25,8.65,-12.6,9.08,244,248,-0.4,1.8,,,-3.0,3.20,,0.9,3.23,-24,17.2,110.1,104.3,0.44,-4.1,,,,,,,,
27-Sep-2025 15:39:59,0:28,9.8,-49,9.48,198,41,8.28,8.78,-15.2,9.24,247,251,-0.5,1.6,,,-3.0,3.20,,0.6,3.21,-24,17.2,108.0,100.7,0.23,-4.6,,,,,,,,
27-Sep-2025 15:40:48,0:29,10.8,-48,9.37,207,41,8.40,8.93,-15.7,9.00,254,259,-0.6,1.6,,,-3.0,3.20,,0.5,3.52,-25,18.1,104.9,98.2,0.37,-4.7,,,,,,,,
27-Sep-2025 15:41:19,0:30,10.6,-50,9.35,201,41,8.38,9.06,-20.0,9.42,247,253,-0.7,3.8,,,-3.0,3.20,,-0.3,3.86,-26,18.2,103.2,94.1,-0.07,-6.0,,,,,,,,
27-Sep-2025 15:44:32,0:21,9.8,-49,9.08,195,41,8.28,8.83,-20.5,8.61,239,242,-0.8,8.4,,,-11.0,3.20,,-0.6,4.81,-26,17.0,102.8,94.9,0.47,-2.4,,,,,,,,
27-Sep-2025 15:46:58,0:29,10.6,-72,7.47,211,41,8.37,10.26,-10.2,9.21,280,283,-0.5,-0.2,,,0.0,3.20,,1.5,2.81,-39,15.8,72.8,36.6,-1.74,-3.6,,,,,,,,
27-Sep-2025 15:48:30,0:27,11.3,-146,9.27,201,143,9.87,9.34,-2.0,8.34,347,348,-0.1,1.2,,,0.0,3.20,,1.8,2.59,-101,6.2,99.2,97.5,0.93,-0.2,,,,,,,,
27-Sep-2025 15:48:58,0:23,12.5,-138,9.11,202,143,10.62,11.08,-3.1,8.31,339,338,-0.1,2.4,,,0.0,3.20,,1.6,2.58,-99,8.3,82.3,80.3,0.80,0.7,,,,,,,,
27-Sep-2025 15:49:23,0:29,12.1,-144,9.01,199,143,10.39,10.12,-2.3,8.49,344,343,-0.1,2.1,,,0.0,3.20,,1.8,2.58,-103,7.3,89.0,88.5,0.53,1.2,,,,,,,,
27-Sep-2025 15:50:34,0:21,12.5,-41,7.99,195,40,8.55,8.68,-8.2,6.57,233,233,-0.6,3.7,,,0.0,3.20,,1.3,2.69,-27,17.8,92.0,91.1,1.42,-0.5,,,,,,,,
27-Sep-2025 15:51:28,0:23,12.4,5,6.88,200,40,8.54,1.23,1.4,2.38,195,196,0.3,-3.7,,,0.0,3.20,,2.6,1.91,2,14.6,557.4,104.2,4.50,-0.5,,,,,,,,
27-Sep-2025 15:51:53,0:26,12.3,4,6.24,191,40,8.53,1.12,0.9,1.85,184,182,0.3,-1.5,,,0.0,3.20,,2.6,1.53,3,13.9,556.8,94.9,4.39,2.1,,,,,,,,
27-Sep-2025 15:52:50,0:29,11.2,17,5.04,198,40,8.43,4.18,0.8,1.65,182,180,0.3,-1.1,,,0.0,3.20,,2.6,1.53,14,13.0,120.7,75.1,3.39,2.2,,,,,,,,
27-Sep-2025 15:54:01,0:29,11.6,35,3.87,199,40,8.47,7.82,0.6,1.14,167,158,0.5,10.2,,,0.0,3.20,,2.5,1.49,30,12.7,49.5,48.8,2.72,9.0,,,,,,,,
27-Sep-2025 15:54:33,0:27,11.1,28,3.53,201,40,8.43,6.48,0.5,1.67,174,168,0.3,8.5,,,0.0,3.20,,2.5,1.49,25,12.5,54.5,48.7,1.87,5.6,,,,,,,,
27-Sep-2025 15:55:03,0:26,11.4,17,3.29,198,40,8.45,4.19,0.4,1.80,180,177,0.2,6.0,,,0.0,3.20,,2.5,1.49,16,13.2,78.6,48.9,1.49,3.3,,,,,,,,
27-Sep-2025 15:55:31,0:29,12.7,12,3.10,198,39,8.57,3.20,1.0,1.81,188,186,0.6,5.0,,,0.0,3.20,,2.4,1.48,11,14.4,96.9,45.7,1.29,1.7,,,,,,,,
27-Sep-2025 15:57:24,0:30,15.1,15,2.43,200,37,8.77,4.06,1.8,1.39,183,184,1.1,6.2,,,0.0,3.20,,2.6,1.48,13,16.5,59.8,33.6,1.04,-0.2,,,,,,,,
27-Sep-2025 15:58:45,0:20,13.6,3,2.11,192,38,8.67,0.87,1.1,1.55,190,199,0.9,2.9,,,0.0,3.20,,2.3,1.49,1,15.3,243.6,31.0,0.56,-9.3,,,,,,,,
27-Sep-2025 15:59:10,0:26,12.6,-10,2.03,188,40,8.56,2.59,-0.6,1.56,196,207,-0.4,1.5,,,0.0,3.20,,2.2,1.48,-7,14.3,78.6,30.4,0.47,-11.1,,,,,,,,
27-Sep-2025 15:59:37,0:27,12.8,-9,2.00,190,39,8.58,2.49,-1.0,1.88,200,212,-0.8,-1.0,,,0.0,3.20,,2.2,1.49,-7,14.5,80.5,29.8,0.13,-12.2,,,,,,,,
27-Sep-2025 16:00:38,0:29,13.8,49,1.94,190,38,8.68,9.46,1.5,1.85,143,143,0.9,12.8,,,0.0,3.20,,2.4,1.50,41,15.2,20.5,18.7,0.09,0.2,,,,,,,,
27-Sep-2025 16:01:28,0:29,12.6,30,1.94,189,40,8.56,7.04,1.3,1.82,160,169,1.2,4.2,,,0.0,3.20,,2.5,1.49,25,14.4,27.6,25.6,0.12,-9.4,,,,,,,,
27-Sep-2025 16:01:59,0:29,13.9,35,1.93,188,38,8.69,8.25,1.2,1.83,153,163,0.8,5.0,,,0.0,3.20,,2.5,1.49,30,15.3,23.4,23.2,0.11,-10.0,,,,,,,,
27-Sep-2025 16:02:29,0:29,13.5,41,1.95,187,38,8.66,8.81,1.7,2.12,148,157,0.9,5.3,,,0.0,3.20,,2.5,1.49,34,15.4,22.1,21.8,-0.17,-8.9,,,,,,,,
27-Sep-2025 16:03:00,0:29,13.1,44,2.12,189,39,8.61,9.01,2.0,3.34,145,157,0.8,1.7,,,0.0,3.20,,2.6,1.49,34,15.9,23.6,22.7,-1.22,-11.8,,,,,,,,
27-Sep-2025 16:03:30,0:26,14.0,50,2.34,188,38,8.70,9.61,2.3,3.57,137,149,0.6,1.5,,,0.0,3.20,,2.6,1.49,39,16.6,24.3,21.8,-1.23,-12.1,,,,,,,,
27-Sep-2025 16:03:57,0:28,13.0,62,2.54,191,39,8.60,10.32,2.7,3.74,132,142,0.8,5.0,,,0.0,3.20,,2.7,1.49,47,15.3,24.6,18.0,-1.20,-9.1,,,,,,,,
27-Sep-2025 16:05:09,0:28,12.4,23,2.65,193,40,8.54,5.67,0.7,2.02,170,180,0.4,5.1,,,0.0,3.20,,2.5,1.23,20,14.5,46.8,37.1,0.63,-10.4,,,,,,,,
27-Sep-2025 16:05:38,0:29,13.1,33,2.56,196,39,8.61,7.81,0.8,1.91,164,174,0.5,5.1,,,0.0,3.20,,2.5,0.82,28,14.7,32.8,32.0,0.65,-9.2,,,,,,,,
27-Sep-2025 16:11:09,0:20,12.1,4,1.74,203,40,8.51,1.11,1.1,0.26,288,222,90.0,-11.9,,,0.0,3.20,,2.5,0.80,-87,12.4,156.5,26.6,1.48,65.7,,,,,,,,
27-Sep-2025 16:13:32,0:29,10.7,-79,0.84,207,41,8.39,10.59,0.7,0.08,285,168,0.0,4.7,,,0.0,3.20,,2.4,0.79,-78,11.0,7.9,2.6,0.76,116.5,,,,,,,,
27-Sep-2025 16:14:47,0:25,12.4,-87,0.58,210,40,8.54,11.47,0.0,0.10,295,106,0.0,4.7,,,0.0,3.20,,2.3,0.79,-85,12.4,5.1,0.5,0.48,189.2,,,,,,,,
27-Sep-2025 16:15:13,0:29,11.8,-86,0.50,208,40,8.48,11.23,1.0,0.10,293,236,0.0,-12.9,,,0.0,3.20,,2.2,0.79,-86,12.0,4.5,0.6,0.41,56.6,,,,,,,,
27-Sep-2025 16:16:45,0:21,7.7,-71,0.33,210,43,7.67,9.09,1.7,0.08,286,209,0.0,-37.1,,,0.0,3.20,,2.3,0.72,-73,7.6,3.6,1.9,0.25,77.2,,,,,,,,
27-Sep-2025 16:18:09,0:20,6.1,-67,0.21,218,47,6.61,8.09,0.6,0.07,290,150,0.0,-39.0,,,0.0,3.20,,2.3,0.69,-69,5.9,2.7,1.8,0.15,139.9,,,,,,,,
27-Sep-2025 16:18:50,0:29,12.1,-88,0.17,207,40,8.51,11.37,1.0,0.06,298,147,0.0,-38.9,,,0.0,3.20,,2.3,0.72,-88,12.0,1.5,0.1,0.11,150.9,,,,,,,,
27-Sep-2025 16:19:21,0:29,10.2,-88,0.15,211,41,8.32,10.64,0.6,0.05,301,155,0.0,-38.9,,,0.0,3.20,,2.3,0.74,-89,10.3,1.4,0.1,0.10,146.0,,,,,,,,
27-Sep-2025 16:22:56,0:20,10.2,-66,0.05,217,41,8.33,9.93,0.3,0.10,289,160,0.0,-38.8,,,0.0,3.20,,2.0,0.76,-69,10.1,0.5,0.3,-0.04,129.3,,,,,,,,
27-Sep-2025 16:23:17,0:20,10.6,-69,0.05,221,41,8.37,10.15,0.5,0.09,291,155,0.0,-38.8,,,0.0,3.20,,2.0,0.77,-69,10.2,0.5,0.3,-0.04,136.5,,,,,,,,
27-Sep-2025 16:24:18,0:29,11.8,-79,0.03,215,40,8.49,11.00,-0.6,0.06,297,138,0.0,-39.1,,,0.0,3.20,,2.2,0.76,-80,11.5,0.3,0.1,-0.02,159.1,,,,,,,,
27-Sep-2025 16:24:48,0:29,12.6,-83,0.03,216,40,8.56,11.42,-0.2,0.06,298,155,0.0,-39.0,,,0.0,3.20,,2.2,0.79,-83,12.7,0.2,0.1,-0.03,143.5,,,,,,,,
27-Sep-2025 16:25:18,0:29,12.7,-82,0.02,216,39,8.57,11.40,-0.2,0.05,299,205,0.0,-38.9,,,0.0,3.20,,2.2,0.76,-82,12.7,0.2,0.1,-0.02,93.8,,,,,,,,
27-Sep-2025 16:25:51,0:27,11.6,-87,0.02,214,40,8.47,11.19,-0.0,0.08,301,154,0.0,-38.9,,,0.0,3.20,,2.3,0.70,-86,11.7,0.2,0.0,-0.06,146.4,,,,,,,,
27-Sep-2025 16:26:19,0:29,10.7,-86,0.02,216,41,8.38,10.79,0.3,0.07,302,194,0.0,-38.9,,,0.0,3.20,,2.3,0.58,-85,10.7,0.2,0.0,-0.05,107.8,,,,,,,,
